timestamp,process,risk,impact,level,category
2026-04-25 23:33:04,"Fitur Opening Account untuk CIF Existing memungkinkan nasabah yang sudah terdaftar di sistem Bank Mandiri Taspen untuk membuka rekening baru melalui aplikasi Movin tanpa harus datang ke kantor cabang, sehingga mempercepat proses dan meningkatkan efisiensi layanan digital ",AI gagal menghasilkan data,-,Low,Data Privacy
2026-04-25 23:34:26,"Fitur Opening Account untuk CIF Existing memungkinkan nasabah yang sudah terdaftar di sistem Bank Mandiri Taspen untuk membuka rekening baru melalui aplikasi Movin tanpa harus datang ke kantor cabang, sehingga mempercepat proses dan meningkatkan efisiensi layanan digital ",AI gagal menghasilkan data,-,Low,Data Privacy
2026-04-25 23:35:29,"Fitur Opening Account untuk CIF Existing memungkinkan nasabah yang sudah terdaftar di sistem Bank Mandiri Taspen untuk membuka rekening baru melalui aplikasi Movin tanpa harus datang ke kantor cabang, sehingga mempercepat proses dan meningkatkan efisiensi layanan digital ",AI gagal menghasilkan data,-,Low,Data Privacy
2026-04-25 23:36:33,"enambahan biller Kartu Kredit Bank Lain memungkinkan nasabah melakukan pembayaran kartu kredit dari berbagai bank langsung melalui aplikasi Movin, sehingga memperluas cakupan layanan pembayaran dan meningkatkan kenyamanan pengguna ",Ketergantungan pada sistem keuangan lainnya,"Finansial (potensi kerugian karena perubahan syarat dan ketentuan), Operasional (keterlambatan dalam proses transaksi), Reputasi (nasabah tidak puas dengan ketergantungan pada sistem lain).",High,IT Risk
2026-04-25 23:36:33,"enambahan biller Kartu Kredit Bank Lain memungkinkan nasabah melakukan pembayaran kartu kredit dari berbagai bank langsung melalui aplikasi Movin, sehingga memperluas cakupan layanan pembayaran dan meningkatkan kenyamanan pengguna ",Akses tidak sah,"Finansial (potensi kerugian karena transaksi tidak sah), Operasional (keterlambatan dalam proses investigasi), Reputasi (bank mengalami reputasi yang buruk karena transaksi tidak sah).",High,Operasional
2026-04-25 23:36:33,"enambahan biller Kartu Kredit Bank Lain memungkinkan nasabah melakukan pembayaran kartu kredit dari berbagai bank langsung melalui aplikasi Movin, sehingga memperluas cakupan layanan pembayaran dan meningkatkan kenyamanan pengguna ",Kemunduran sistem,"Finansial (potensi kerugian karena transaksi gagal), Operasional (keterlambatan dalam proses pengembalian transaksi), Reputasi (nasabah tidak puas dengan keterlambatan).",High,IT Risk
2026-04-25 23:39:54,"enambahan biller Kartu Kredit Bank Lain memungkinkan nasabah melakukan pembayaran kartu kredit dari berbagai bank langsung melalui aplikasi Movin, sehingga memperluas cakupan layanan pembayaran dan meningkatkan kenyamanan pengguna ",AI gagal menghasilkan data,-,Low,Data Privacy
2026-04-25 23:41:37,"enambahan biller Kartu Kredit Bank Lain memungkinkan nasabah melakukan pembayaran kartu kredit dari berbagai bank langsung melalui aplikasi Movin, sehingga memperluas cakupan layanan pembayaran dan meningkatkan kenyamanan pengguna "
2026-04-25 23:41:37,"enambahan biller Kartu Kredit Bank Lain memungkinkan nasabah melakukan pembayaran kartu kredit dari berbagai bank langsung melalui aplikasi Movin, sehingga memperluas cakupan layanan pembayaran dan meningkatkan kenyamanan pengguna "
2026-04-25 23:41:37,"enambahan biller Kartu Kredit Bank Lain memungkinkan nasabah melakukan pembayaran kartu kredit dari berbagai bank langsung melalui aplikasi Movin, sehingga memperluas cakupan layanan pembayaran dan meningkatkan kenyamanan pengguna "
2026-04-25 23:43:39,"penambahan biller Kartu Kredit Bank Lain memungkinkan nasabah melakukan pembayaran kartu kredit dari berbagai bank langsung melalui aplikasi Movin, sehingga memperluas cakupan layanan pembayaran dan meningkatkan kenyamanan pengguna "
2026-04-26 19:19:00,"Penambahan biller Kartu Kredit Bank Lain memungkinkan nasabah melakukan pembayaran kartu kredit dari berbagai bank langsung melalui aplikasi Movin, sehingga memperluas cakupan layanan pembayaran dan meningkatkan kenyamanan pengguna "
